Portrait Flashing List,Price,,,Landscape Flashing List,Price,,,Sarking Bracket List,Price,,,PV Panel List,Price,Watts
bobby,10101,,,F16-LL,1433,,,SP-5,54,,,What,2442,320
elmes,1,,,F16-LC,1433,,,SP-5J,87,,,A,2352,300
what,2,,,F16-LR,1433,,,B22,226,,,LOSER,2018,270
a,3,,,F16-LY,730,,,B22J,327,,,,,
machine,4,,,F16-LJ,605,,,SB16-L,106,,,,,
VAT-16,5,,,VAL-16,1747,,,SB16-C,106,,,,,
imagine,828,,,F16-LCLT,891,,,SB16-R,106,,,,,
being,828,,,F16-LCRT,891,,,SB16-Y,106,,,,,
his,621,,,F16-LCRB,759,,,SB16-J,106,,,,,
brother,1380,,,F16-LCLB,1443,,,SB16-AT,106,,,,,
F16-CLB-S,1380,,,F16-LCLB-S,1443,,,SB16-CLB,53,,,,,
F16-VC,1232,,,,,,,,,,,,,
